09:00:00.007,205.24
09:00:00.008,205.23
09:00:00.021,205.22
09:00:00.565,205.21
09:00:00.566,205.2
09:00:00.566,205.21
09:00:00.568,205.2
09:00:00.570,205.21
09:00:00.571,205.2
09:00:00.582,205.21
09:00:00.634,205.2
09:00:00.663,205.21
09:00:00.859,205.22
09:00:00.872,205.21
09:00:00.886,205.22
09:00:00.891,205.21
09:00:02.293,205.22
09:00:02.318,205.21
09:00:02.368,205.22
09:00:02.378,205.21
09:00:02.454,205.22
09:00:02.456,205.23
09:00:02.505,205.22
09:00:02.565,205.23
09:00:02.611,205.22
09:00:02.834,205.23
09:00:03.326,205.24
09:00:10.269,205.25
09:00:10.348,205.24
09:00:13.186,205.25
09:00:16.543,205.26
09:00:16.662,205.27
09:00:17.185,205.26
09:00:17.185,205.27
09:00:17.186,205.26
09:00:17.235,205.27
09:00:17.601,205.28
09:00:17.697,205.27
09:00:18.076,205.28
09:00:18.154,205.27
09:00:19.278,205.28
09:00:19.433,205.27
09:00:19.493,205.28
09:00:19.532,205.27
09:00:22.183,205.28
09:00:22.200,205.27
09:00:22.284,205.28
09:00:22.344,205.27
09:00:22.578,205.28
09:00:22.737,205.27
09:00:32.238,205.26
09:00:34.157,205.25
09:00:35.253,205.26
09:00:36.506,205.25
09:00:39.300,205.24
09:00:39.980,205.23
09:00:40.004,205.24
09:00:40.109,205.23
09:00:40.197,205.24
09:00:40.566,205.23
09:00:40.740,205.24
09:00:41.982,205.23
09:00:48.446,205.22
09:00:48.454,205.23
09:00:51.359,205.24
09:00:52.939,205.25
09:00:53.448,205.24
09:00:53.451,205.23
09:00:53.452,205.24
09:00:53.452,205.23
09:00:53.607,205.24
09:00:53.694,205.23
09:00:53.695,205.24
09:00:53.738,205.23
09:00:53.969,205.24
09:00:53.969,205.23
09:00:53.970,205.24
09:00:54.025,205.23
09:00:54.033,205.24
09:00:54.171,205.25
09:00:54.199,205.24
09:00:54.222,205.25
09:00:54.233,205.24
09:00:54.883,205.25
09:00:54.938,205.26
09:00:54.941,205.25
09:00:54.978,205.26
09:00:54.979,205.25
09:00:56.936,205.24
09:00:56.940,205.25
09:00:56.968,205.24
09:00:56.972,205.25
09:00:57.616,205.24
09:00:57.618,205.25
09:00:58.019,205.24
09:00:58.285,205.25
09:00:58.289,205.26
09:01:02.099,205.25
09:01:03.345,205.24
09:01:03.346,205.25
09:01:03.346,205.24
09:01:03.347,205.25
09:01:03.350,205.24
09:01:03.352,205.25
09:01:03.357,205.24
09:01:03.507,205.23
09:01:03.507,205.24
09:01:04.918,205.23
09:01:04.919,205.24
09:01:04.919,205.23
09:01:04.919,205.24
09:01:07.324,205.25
09:01:07.705,205.26
09:01:09.295,205.25
09:01:09.301,205.26
09:01:09.335,205.25
09:01:09.337,205.26
09:01:11.500,205.27
09:01:12.649,205.26
09:01:13.904,205.27
09:01:16.206,205.28
09:01:16.208,205.29
09:01:16.931,205.3
09:01:18.354,205.31
09:01:18.354,205.3
09:01:18.354,205.31
09:01:19.527,205.32
09:01:22.604,205.33
09:01:22.665,205.32
09:01:24.294,205.31
09:01:24.943,205.3
09:01:25.245,205.29
09:01:25.249,205.28
09:01:25.249,205.29
09:01:25.257,205.28
09:01:25.267,205.27
09:01:25.277,205.28
09:01:25.288,205.27
09:01:25.328,205.28
09:01:25.712,205.27
09:01:26.093,205.26
09:01:26.785,205.27
09:01:29.142,205.28
09:01:29.531,205.29
09:01:29.704,205.28
09:01:30.147,205.29
09:01:32.211,205.28
09:01:32.252,205.27
09:01:32.255,205.28
09:01:32.262,205.27
09:01:32.330,205.28
09:01:32.331,205.27
09:01:32.332,205.28
09:01:32.338,205.27
09:01:34.474,205.28
09:01:34.538,205.29
09:01:35.110,205.3
09:01:35.469,205.31
09:01:35.896,205.32
09:01:36.139,205.31
09:01:36.154,205.3
09:01:37.168,205.31
09:01:37.237,205.32
09:01:37.490,205.33
09:01:39.292,205.32
09:01:39.295,205.31
09:01:40.066,205.3
09:01:40.068,205.29
09:01:42.669,205.28
09:01:44.785,205.27
09:01:44.790,205.26
09:01:44.840,205.27
09:01:44.909,205.26
09:01:47.481,205.25
09:01:47.481,205.26
09:01:48.227,205.25
09:01:48.227,205.24
09:01:48.227,205.25
09:01:48.234,205.24
09:01:48.306,205.25
09:01:49.192,205.24
09:01:49.376,205.23
09:01:49.406,205.24
09:01:49.741,205.23
09:01:51.463,205.24
09:01:51.920,205.23
09:01:51.925,205.24
09:01:52.063,205.23
09:01:52.070,205.24
09:01:52.074,205.23
09:01:52.074,205.24
09:01:52.074,205.23
09:01:52.074,205.24
09:01:52.175,205.23
09:01:52.817,205.22
09:01:52.897,205.23
09:01:55.871,205.22
09:01:55.897,205.23
09:01:56.213,205.22
09:01:56.222,205.23
09:01:58.855,205.22
09:02:00.326,205.23
09:02:00.598,205.24
09:02:01.367,205.23
09:02:02.318,205.22
09:02:02.405,205.23
09:02:04.573,205.22
09:02:04.736,205.23
09:02:09.964,205.24
09:02:09.991,205.23
09:02:10.065,205.24
09:02:10.317,205.23
09:02:10.317,205.24
09:02:10.318,205.23
09:02:10.497,205.24
09:02:11.511,205.23
09:02:12.649,205.22
09:02:13.068,205.23
09:02:13.503,205.24
09:02:13.522,205.25
09:02:13.644,205.24
09:02:13.714,205.25
09:02:13.943,205.24
09:02:15.187,205.23
09:02:16.020,205.24
09:02:16.865,205.23
09:02:16.968,205.22
09:02:16.978,205.23
09:02:17.470,205.24
09:02:17.486,205.23
09:02:20.989,205.24
09:02:21.589,205.25
09:02:22.088,205.24
09:02:22.088,205.25
09:02:22.089,205.24
09:02:22.089,205.25
09:02:22.091,205.24
09:02:22.704,205.25
09:02:23.453,205.24
09:02:23.454,205.25
09:02:24.478,205.24
09:02:26.746,205.23
09:02:26.950,205.22
09:02:27.260,205.23
09:02:30.067,205.22
09:02:30.521,205.21
09:02:30.529,205.22
09:02:30.721,205.23
09:02:30.858,205.22
09:02:31.187,205.23
09:02:33.046,205.22
09:02:33.643,205.23
09:02:33.965,205.22
09:02:35.012,205.23
09:02:35.570,205.22
09:02:37.834,205.23
09:02:37.937,205.24
09:02:41.865,205.25
09:02:42.172,205.24
09:02:42.173,205.25
09:02:42.173,205.24
09:02:42.175,205.25
09:02:42.930,205.26
09:02:43.029,205.25
09:02:43.037,205.24
09:02:43.081,205.25
09:02:43.490,205.24
09:02:43.490,205.25
09:02:43.492,205.24
09:02:43.572,205.25
09:02:43.681,205.24
09:02:44.391,205.23
09:02:47.538,205.24
09:02:47.690,205.23
09:02:49.457,205.22
09:02:54.081,205.21
09:02:54.349,205.2
09:02:57.745,205.21
09:03:00.947,205.2
09:03:01.214,205.19
09:03:01.238,205.18
09:03:01.336,205.19
09:03:01.377,205.18
09:03:01.511,205.19
09:03:01.742,205.18
09:03:01.987,205.19
09:03:02.391,205.2
09:03:02.745,205.19
09:03:10.214,205.18
09:03:12.017,205.17
09:03:12.026,205.16
09:03:12.744,205.15
09:03:12.927,205.14
09:03:13.510,205.13
09:03:13.638,205.14
09:03:14.900,205.15
09:03:15.042,205.16
09:03:15.667,205.17
09:03:17.441,205.16
09:03:17.737,205.17
09:03:17.755,205.16
09:03:18.498,205.15
09:03:18.576,205.16
09:03:18.754,205.15
09:03:19.696,205.16
09:03:19.875,205.17
09:03:20.447,205.16
09:03:20.596,205.17
09:03:20.596,205.16
09:03:21.548,205.15
09:03:22.954,205.14
09:03:22.969,205.13
09:03:22.992,205.14
09:03:23.355,205.15
09:03:23.363,205.14
09:03:23.363,205.15
09:03:23.520,205.14
09:03:25.470,205.13
09:03:25.488,205.14
09:03:26.289,205.15
09:03:26.298,205.14
09:03:26.298,205.15
09:03:26.329,205.14
09:03:26.438,205.15
09:03:26.453,205.14
09:03:26.464,205.15
09:03:27.131,205.14
09:03:27.621,205.13
09:03:27.643,205.14
09:03:27.648,205.13
09:03:27.648,205.14
09:03:27.648,205.13
09:03:28.328,205.14
09:03:28.458,205.13
09:03:28.703,205.14
09:03:28.703,205.13
09:03:28.704,205.14
09:03:28.713,205.13
09:03:28.752,205.14
09:03:28.754,205.13
09:03:28.797,205.14
09:03:28.804,205.13
09:03:28.805,205.14
09:03:28.808,205.13
09:03:28.808,205.14
09:03:28.809,205.13
09:03:28.812,205.14
09:03:28.832,205.13
09:03:28.833,205.14
09:03:28.835,205.13
09:03:28.839,205.14
09:03:30.623,205.15
09:03:31.168,205.16
09:03:31.914,205.15
09:03:32.014,205.14
09:03:32.406,205.15
09:03:32.415,205.14
09:03:32.416,205.15
09:03:32.796,205.14
09:03:32.927,205.15
09:03:33.026,205.16
09:03:33.043,205.17
09:03:33.107,205.16
09:03:34.306,205.17
09:03:34.527,205.16
09:03:35.073,205.17
09:03:35.173,205.16
09:03:35.173,205.17
09:03:35.462,205.16
09:03:35.480,205.17
09:03:35.832,205.16
09:03:35.951,205.17
09:03:36.330,205.16
09:03:36.543,205.17
09:03:36.575,205.16
09:03:36.649,205.17
09:03:36.779,205.16
09:03:36.866,205.17
09:03:37.713,205.18
09:03:37.938,205.17
09:03:38.149,205.18
09:03:38.212,205.17
09:03:38.716,205.18
09:03:39.240,205.19
09:03:39.266,205.2
09:03:39.855,205.19
09:03:40.078,205.18
09:03:40.136,205.19
09:03:40.272,205.18
09:03:40.905,205.17
09:03:41.032,205.18
09:03:41.043,205.17
09:03:41.096,205.18
09:03:41.551,205.19
09:03:41.850,205.2
09:03:41.862,205.19
09:03:46.809,205.2
09:03:47.268,205.19
09:03:47.300,205.18
09:03:47.321,205.17
09:03:49.446,205.16
09:03:50.974,205.17
09:03:51.032,205.16
09:03:51.823,205.15
09:03:53.186,205.14
09:03:53.234,205.15
09:03:53.364,205.16
09:03:53.577,205.15
09:03:54.546,205.16
09:03:55.259,205.15
09:03:56.969,205.16
09:03:57.107,205.17
09:03:58.640,205.18
09:03:58.690,205.17
09:03:58.691,205.18
09:03:58.691,205.17
09:03:58.691,205.18
09:03:58.692,205.17
09:03:59.441,205.16
09:03:59.442,205.17
09:04:00.013,205.18
09:04:00.069,205.17
09:04:00.104,205.18
09:04:00.561,205.19
09:04:03.806,205.2
09:04:03.854,205.19
09:04:03.943,205.2
09:04:03.955,205.19
09:04:03.967,205.2
09:04:04.007,205.19
09:04:04.120,205.2
09:04:04.129,205.19
09:04:04.131,205.2
09:04:04.148,205.19
09:04:04.335,205.18
09:04:05.285,205.19
09:04:05.296,205.18
09:04:05.327,205.19
09:04:05.337,205.18
09:04:05.605,205.19
09:04:05.672,205.18
09:04:07.475,205.17
09:04:07.507,205.18
09:04:10.137,205.17
09:04:11.182,205.18
09:04:11.662,205.19
09:04:11.731,205.18
09:04:11.964,205.19
09:04:12.690,205.2
09:04:15.884,205.21
09:04:15.971,205.2
09:04:16.597,205.19
09:04:16.960,205.2
09:04:17.151,205.21
09:04:17.219,205.2
09:04:17.263,205.21
09:04:17.275,205.2
09:04:17.276,205.21
09:04:17.862,205.2
09:04:17.956,205.21
09:04:18.693,205.2
09:04:18.698,205.21
09:04:18.698,205.2
09:04:18.698,205.21
09:04:20.234,205.2
09:04:20.234,205.21
09:04:20.285,205.2
09:04:20.376,205.21
09:04:20.446,205.2
09:04:22.248,205.21
09:04:22.901,205.2
09:04:22.901,205.21
09:04:23.150,205.22
09:04:23.361,205.21
09:04:25.053,205.2
09:04:25.452,205.21
09:04:25.463,205.2
09:04:25.810,205.21
09:04:25.874,205.2
09:04:26.494,205.21
09:04:26.544,205.22
09:04:26.633,205.21
09:04:26.633,205.22
09:04:26.633,205.21
09:04:26.715,205.2
09:04:26.715,205.21
09:04:26.716,205.2
09:04:26.818,205.21
09:04:26.838,205.22
09:04:26.920,205.21
09:04:27.295,205.2
09:04:27.396,205.21
09:04:27.463,205.2
09:04:27.561,205.21
09:04:28.403,205.2
09:04:28.403,205.21
09:04:28.798,205.22
09:04:29.934,205.23
09:04:30.410,205.24
09:04:30.418,205.25
09:04:30.490,205.26
09:04:31.525,205.25
09:04:31.624,205.24
09:04:31.624,205.25
09:04:31.624,205.24
09:04:31.727,205.25
09:04:32.515,205.26
09:04:33.530,205.27
09:04:34.248,205.28
09:04:34.305,205.27
09:04:35.801,205.28
09:04:36.960,205.27
09:04:36.964,205.26
09:04:38.987,205.27
09:04:38.998,205.26
09:04:39.005,205.27
09:04:39.072,205.26
09:04:39.072,205.27
09:04:39.073,205.26
09:04:40.220,205.27
09:04:40.288,205.26
09:04:45.884,205.25
09:04:46.621,205.24
09:04:46.621,205.25
09:04:46.625,205.24
09:04:46.746,205.25
09:04:46.764,205.24
09:04:46.811,205.25
09:04:47.510,205.26
09:04:49.114,205.27
09:04:49.510,205.28
09:04:49.510,205.27
09:04:49.510,205.28
09:04:49.609,205.27
09:04:49.667,205.28
09:04:49.707,205.27
09:04:49.759,205.28
09:04:52.919,205.27
09:04:53.897,205.28
09:04:53.899,205.29
09:04:53.944,205.3
09:04:55.529,205.31
09:04:55.547,205.32
09:04:55.651,205.31
09:04:55.653,205.32
09:04:55.663,205.31
09:04:55.780,205.32
09:04:55.956,205.33
09:04:56.105,205.34
09:04:56.310,205.35
09:04:56.433,205.34
09:04:56.452,205.35
09:04:56.454,205.36
09:04:56.492,205.35
09:04:57.859,205.36
09:04:57.911,205.37
09:04:58.054,205.36
09:04:58.157,205.37
09:04:58.160,205.38
09:04:58.622,205.37
09:04:58.657,205.36
09:04:58.728,205.37
09:04:59.013,205.36
09:04:59.321,205.37
09:04:59.672,205.38
09:04:59.734,205.39
09:04:59.736,205.4
09:04:59.790,205.41
09:04:59.798,205.4
09:04:59.814,205.41
09:04:59.822,205.4
09:04:59.835,205.41
09:04:59.835,205.4
09:05:00.074,205.41
09:05:00.074,205.4
09:05:00.086,205.41
09:05:00.097,205.4
09:05:00.097,205.41
09:05:00.132,205.4
09:05:00.236,205.41
09:05:00.242,205.4
09:05:00.287,205.41
09:05:00.328,205.4
09:05:00.333,205.41
09:05:00.333,205.4
09:05:00.336,205.41
09:05:00.345,205.4
09:05:00.397,205.41
09:05:00.462,205.42
09:05:00.647,205.41
09:05:00.651,205.4
09:05:01.228,205.41
09:05:01.978,205.4
09:05:02.178,205.39
09:05:02.178,205.4
09:05:02.179,205.39
09:05:02.224,205.4
09:05:03.215,205.39
09:05:03.460,205.4
09:05:04.156,205.39
09:05:04.157,205.4
09:05:04.164,205.39
09:05:04.419,205.4
09:05:04.426,205.41
09:05:04.850,205.4
09:05:05.169,205.39
09:05:05.289,205.4
09:05:06.397,205.39
09:05:06.477,205.38
09:05:06.488,205.37
09:05:07.090,205.36
09:05:07.258,205.35
09:05:07.304,205.36
09:05:07.560,205.35
09:05:07.670,205.36
09:05:07.802,205.35
09:05:08.096,205.36
09:05:08.196,205.35
09:05:08.464,205.36
09:05:08.515,205.35
09:05:08.744,205.36
09:05:08.942,205.35
09:05:09.145,205.34
09:05:09.148,205.35
09:05:09.234,205.34
09:05:09.236,205.33
09:05:09.236,205.34
09:05:09.237,205.33
09:05:09.243,205.34
09:05:09.553,205.33
09:05:09.616,205.34
09:05:09.921,205.35
09:05:11.016,205.34
09:05:11.087,205.35
09:05:11.157,205.34
09:05:11.486,205.33
09:05:12.353,205.34
09:05:12.991,205.35
09:05:14.400,205.36
09:05:14.446,205.35
09:05:14.446,205.36
09:05:14.453,205.35
09:05:14.456,205.34
09:05:14.456,205.35
09:05:14.463,205.34
09:05:14.483,205.35
09:05:14.908,205.36
09:05:15.020,205.35
09:05:15.089,205.36
09:05:16.168,205.37
09:05:16.175,205.36
09:05:16.180,205.37
09:05:16.182,205.36
09:05:16.183,205.37
09:05:16.201,205.36
09:05:16.211,205.37
09:05:16.246,205.36
09:05:16.275,205.37
09:05:16.401,205.36
09:05:16.434,205.37
09:05:16.440,205.36
09:05:16.453,205.35
09:05:16.580,205.36
09:05:16.734,205.35
09:05:16.912,205.36
09:05:16.912,205.35
09:05:16.912,205.36
09:05:21.395,205.37
09:05:21.514,205.38
09:05:21.637,205.37
09:05:21.812,205.38
09:05:22.015,205.39
09:05:22.787,205.38
09:05:23.108,205.37
09:05:23.222,205.36
09:05:24.344,205.37
09:05:24.635,205.36
09:05:30.514,205.35
09:05:30.552,205.34
09:05:31.566,205.35
09:05:31.570,205.34
09:05:31.570,205.35
09:05:31.570,205.34
09:05:32.144,205.35
09:05:32.144,205.34
09:05:34.487,205.33
09:05:34.581,205.32
09:05:34.818,205.31
09:05:34.818,205.32
09:05:34.819,205.31
09:05:34.831,205.32
09:05:34.893,205.31
09:05:34.893,205.32
09:05:34.898,205.31
09:05:35.190,205.3
09:05:35.525,205.29
09:05:35.658,205.3
09:05:36.805,205.29
09:05:36.851,205.28
09:05:36.952,205.27
09:05:36.953,205.28
09:05:37.166,205.27
09:05:37.166,205.28
09:05:37.205,205.27
09:05:37.249,205.28
09:05:37.546,205.27
09:05:37.546,205.28
09:05:37.580,205.27
09:05:37.895,205.26
09:05:41.147,205.25
09:05:41.162,205.24
09:05:41.285,205.23
09:05:41.285,205.24
09:05:41.285,205.23
09:05:41.427,205.24
09:05:41.851,205.23
09:05:42.064,205.24
09:05:42.279,205.23
09:05:42.383,205.24
09:05:42.447,205.23
09:05:42.461,205.24
09:05:42.537,205.23
09:05:42.564,205.24
09:05:42.647,205.23
09:05:42.827,205.24
09:05:42.961,205.23
09:05:43.303,205.24
09:05:43.379,205.23
09:05:43.387,205.24
09:05:43.399,205.23
09:05:43.671,205.22
09:05:43.672,205.23
09:05:43.683,205.22
09:05:43.722,205.21
09:05:43.809,205.2
09:05:43.864,205.21
09:05:43.971,205.22
09:05:44.055,205.21
09:05:44.058,205.22
09:05:44.092,205.21
09:05:46.029,205.2
09:05:46.167,205.21
09:05:46.633,205.2
09:05:46.838,205.21
09:05:47.823,205.2
09:05:49.636,205.21
09:05:51.549,205.2
09:05:51.713,205.19
09:05:51.713,205.2
09:05:51.714,205.19
09:05:51.735,205.2
09:05:53.380,205.21
09:05:54.331,205.2
09:05:54.339,205.21
09:05:54.368,205.2
09:05:55.240,205.21
09:05:55.413,205.2
09:05:55.713,205.19
09:05:55.722,205.18
09:05:56.634,205.17
09:05:56.849,205.18
09:05:57.029,205.17
09:05:57.031,205.18
09:05:57.893,205.19
09:05:57.953,205.18
09:05:58.042,205.19
09:05:58.172,205.2
09:05:58.538,205.19
09:05:58.694,205.18
09:05:58.746,205.19
09:05:58.755,205.18
09:05:59.305,205.19
09:05:59.519,205.2
09:06:00.042,205.21
09:06:00.276,205.2
09:06:00.413,205.21
09:06:01.390,205.2
09:06:01.390,205.19
09:06:01.390,205.2
09:06:01.393,205.19
09:06:01.393,205.2
09:06:01.395,205.19
09:06:01.395,205.2
09:06:01.396,205.19
09:06:01.922,205.2
09:06:03.234,205.19
09:06:04.210,205.18
09:06:05.245,205.19
09:06:06.066,205.18
09:06:06.252,205.19
09:06:06.252,205.18
09:06:06.252,205.19
09:06:07.656,205.18
09:06:07.736,205.19
09:06:11.502,205.2
09:06:12.911,205.19
09:06:12.926,205.18
09:06:16.661,205.19
09:06:16.678,205.2
09:06:17.189,205.19
09:06:17.475,205.2
09:06:18.157,205.21
09:06:18.772,205.22
09:06:18.781,205.21
09:06:19.582,205.22
09:06:19.667,205.21
09:06:20.163,205.22
09:06:20.849,205.21
09:06:21.142,205.22
09:06:21.231,205.21
09:06:21.238,205.22
09:06:23.648,205.21
09:06:24.240,205.2
09:06:25.921,205.21
09:06:26.014,205.22
09:06:26.093,205.23
09:06:27.509,205.24
09:06:27.790,205.23
09:06:27.800,205.24
09:06:28.292,205.25
09:06:28.396,205.24
09:06:29.403,205.23
09:06:29.516,205.22
09:06:29.527,205.23
09:06:29.537,205.22
09:06:30.166,205.23
09:06:30.437,205.24
09:06:33.458,205.25
09:06:35.671,205.24
09:06:35.691,205.23
09:06:36.359,205.22
09:06:37.588,205.23
09:06:37.689,205.22
09:06:37.975,205.23
09:06:37.992,205.22
09:06:38.110,205.23
09:06:38.121,205.22
09:06:39.898,205.23
09:06:39.927,205.24
09:06:41.267,205.25
09:06:42.106,205.24
09:06:42.553,205.23
09:06:42.617,205.24
09:06:42.880,205.23
09:06:43.473,205.22
09:06:44.827,205.23
09:06:44.870,205.24
09:06:45.154,205.25
09:06:45.924,205.24
09:06:46.743,205.23
09:06:47.483,205.22
09:06:47.499,205.21
09:06:49.245,205.2
09:06:49.246,205.19
09:06:49.246,205.2
09:06:49.660,205.21
09:06:49.793,205.2
09:06:49.793,205.21
09:06:49.794,205.2
09:06:50.123,205.21
09:06:50.298,205.22
09:06:50.444,205.21
09:06:50.800,205.2
09:06:51.063,205.21
09:06:51.519,205.22
09:06:51.625,205.21
09:06:51.724,205.22
09:06:51.726,205.21
09:06:51.840,205.22
09:06:53.542,205.21
09:06:53.812,205.2
09:06:53.933,205.21
09:06:54.346,205.2
09:06:54.505,205.19
09:06:54.595,205.2
09:06:54.890,205.19
09:06:55.270,205.2
09:06:55.470,205.21
09:06:56.032,205.22
09:06:56.072,205.21
09:06:56.305,205.22
09:06:56.339,205.21
09:06:56.377,205.22
09:06:57.200,205.23
09:06:57.617,205.22
09:06:57.662,205.23
09:06:58.006,205.22
09:06:58.522,205.21
09:07:00.475,205.2
09:07:00.480,205.19
09:07:01.954,205.18
09:07:02.571,205.19
09:07:02.581,205.18
09:07:02.649,205.19
09:07:03.756,205.18
09:07:04.008,205.19
09:07:05.863,205.2
09:07:06.647,205.21
09:07:06.903,205.2
09:07:08.892,205.21
09:07:13.942,205.2
09:07:15.103,205.21
09:07:16.000,205.22
09:07:16.137,205.23
09:07:16.195,205.22
09:07:16.206,205.23
09:07:16.206,205.22
09:07:16.207,205.23
09:07:16.607,205.22
09:07:16.729,205.23
09:07:16.767,205.22
09:07:16.911,205.23
09:07:16.919,205.22
09:07:17.027,205.23
09:07:18.266,205.22
09:07:18.271,205.21
09:07:18.347,205.2
09:07:18.553,205.19
09:07:19.567,205.18
09:07:21.114,205.19
09:07:21.223,205.18
09:07:21.223,205.19
09:07:21.392,205.18
09:07:21.582,205.19
09:07:21.838,205.2
09:07:25.139,205.21
09:07:27.112,205.2
09:07:29.511,205.19
09:07:29.870,205.2
09:07:31.136,205.19
09:07:31.149,205.2
09:07:36.192,205.19
09:07:36.197,205.2
09:07:36.202,205.19
09:07:38.010,205.2
09:07:38.538,205.21
09:07:41.044,205.2
09:07:42.829,205.21
09:07:43.615,205.2
09:07:43.615,205.19
09:07:43.615,205.2
09:07:43.615,205.21
09:07:43.615,205.2
09:07:43.617,205.19
09:07:43.624,205.2
09:07:43.625,205.19
09:07:43.635,205.2
09:07:43.639,205.19
09:07:43.639,205.18
09:07:43.640,205.19
09:07:44.118,205.2
09:07:44.188,205.19
09:07:44.295,205.2
09:07:44.397,205.21
09:07:44.928,205.2
09:07:45.015,205.21
09:07:45.025,205.22
09:07:45.026,205.21
09:07:45.046,205.22
09:07:45.057,205.21
09:07:45.070,205.22
09:07:45.071,205.21
09:07:45.074,205.22
09:07:45.746,205.23
09:07:48.587,205.24
09:07:49.087,205.25
09:07:49.530,205.24
09:07:49.596,205.25
09:07:49.619,205.24
09:07:50.891,205.25
09:07:51.195,205.26
09:07:51.246,205.25
09:07:51.279,205.26
09:07:51.308,205.25
09:07:51.323,205.26
09:07:51.344,205.25
09:07:52.004,205.24
09:07:52.844,205.23
09:07:56.506,205.24
09:07:57.583,205.25
09:07:57.699,205.24
09:07:57.699,205.23
09:07:57.699,205.24
09:07:57.700,205.23
09:07:57.700,205.24
09:07:57.708,205.23
09:07:59.352,205.22
09:08:01.669,205.21
09:08:01.979,205.2
09:08:03.794,205.21
09:08:03.946,205.22
09:08:05.097,205.23
09:08:05.504,205.22
09:08:05.508,205.21
09:08:05.508,205.22
09:08:05.509,205.21
09:08:05.509,205.22
09:08:05.509,205.21
09:08:06.374,205.22
09:08:06.453,205.21
09:08:06.492,205.2
09:08:06.503,205.21
09:08:06.538,205.2
09:08:06.909,205.21
09:08:07.758,205.22
09:08:09.075,205.23
09:08:09.076,205.22
09:08:09.083,205.23
09:08:09.473,205.22
09:08:10.133,205.23
09:08:12.347,205.24
09:08:12.416,205.25
09:08:12.538,205.24
09:08:12.784,205.23
09:08:12.875,205.24
09:08:13.061,205.25
09:08:13.173,205.24
09:08:13.856,205.25
09:08:15.355,205.24
09:08:15.415,205.25
09:08:19.148,205.26
09:08:19.773,205.25
09:08:22.528,205.24
09:08:23.033,205.25
09:08:23.191,205.26
09:08:23.194,205.25
09:08:23.263,205.26
09:08:23.294,205.27
09:08:23.350,205.26
09:08:24.493,205.25
09:08:24.805,205.26
09:08:25.310,205.25
09:08:25.664,205.26
09:08:31.380,205.27
09:08:32.910,205.26
09:08:32.910,205.27
09:08:36.305,205.26
09:08:36.637,205.25
09:08:36.687,205.24
09:08:37.156,205.25
09:08:38.456,205.26
09:08:38.535,205.25
09:08:38.538,205.26
09:08:38.570,205.25
09:08:38.662,205.26
09:08:38.695,205.25
09:08:38.759,205.26
09:08:38.792,205.25
09:08:38.864,205.26
09:08:39.190,205.25
09:08:39.777,205.26
09:08:41.503,205.27
09:08:42.157,205.28
09:08:47.718,205.27
09:08:49.156,205.28
09:08:49.241,205.27
09:08:49.666,205.28
09:08:50.122,205.27
09:08:50.245,205.28
09:08:52.408,205.29
09:08:52.477,205.28
09:08:56.379,205.27
09:08:56.519,205.26
09:08:56.522,205.27
09:08:56.611,205.26
09:08:56.621,205.25
09:08:56.986,205.26
09:08:58.619,205.25
09:09:00.004,205.26
09:09:00.116,205.27
09:09:03.283,205.26
09:09:04.348,205.25
09:09:04.508,205.26
09:09:05.022,205.27
09:09:05.563,205.26
09:09:06.128,205.27
09:09:08.349,205.28
09:09:09.568,205.29
09:09:10.463,205.3
09:09:11.058,205.31
09:09:12.337,205.3
09:09:12.337,205.31
09:09:12.338,205.3
09:09:12.810,205.31
09:09:13.044,205.3
09:09:13.703,205.29
09:09:16.327,205.3
09:09:19.106,205.31
09:09:19.127,205.32
09:09:19.917,205.33
09:09:22.755,205.32
09:09:23.110,205.33
09:09:24.027,205.32
09:09:24.138,205.33
09:09:25.543,205.34
09:09:26.045,205.33
09:09:26.985,205.32
09:09:27.587,205.33
09:09:27.619,205.32
09:09:28.320,205.33
09:09:28.384,205.32
09:09:29.111,205.31
09:09:30.272,205.3
09:09:30.798,205.31
09:09:30.873,205.3
09:09:30.911,205.31
09:09:31.962,205.3
09:09:32.719,205.31
09:09:34.719,205.3
09:09:34.760,205.31
09:09:34.770,205.3
09:09:34.798,205.31
09:09:35.812,205.32
09:09:35.834,205.33
09:09:35.858,205.32
09:09:35.877,205.33
09:09:40.440,205.34
09:09:40.452,205.35
09:09:40.619,205.34
09:09:40.800,205.33
09:09:40.854,205.34
09:09:41.676,205.35
09:09:42.254,205.36
09:09:44.572,205.37
09:09:45.976,205.38
09:09:46.047,205.37
09:09:46.115,205.38
09:09:47.047,205.39
09:09:47.672,205.38
09:09:48.356,205.39
09:09:48.365,205.38
09:09:48.387,205.39
09:09:48.388,205.38
09:09:48.445,205.39
09:09:48.684,205.38
09:09:48.768,205.39
09:09:49.127,205.38
09:09:49.200,205.39
09:09:49.201,205.38
09:09:49.409,205.39
09:09:49.866,205.4
09:09:49.880,205.41
09:09:49.899,205.4
09:09:50.098,205.41
09:09:50.099,205.4
09:09:51.302,205.41
09:09:51.376,205.4
09:09:51.688,205.41
09:09:51.697,205.4
09:09:51.726,205.41
09:09:51.727,205.4
09:09:51.745,205.41
09:09:51.858,205.4
09:09:51.859,205.41
09:09:51.859,205.4
09:09:52.516,205.39
09:09:53.588,205.4
09:09:53.884,205.39
09:09:55.094,205.38
09:09:55.425,205.39
09:09:55.433,205.4
09:09:55.435,205.39
09:09:55.500,205.38
09:09:55.508,205.39
09:09:55.544,205.38
09:09:55.636,205.39
09:09:55.708,205.38
09:09:55.708,205.39
09:09:55.754,205.38
09:09:55.754,205.39
09:09:55.755,205.38
09:09:57.070,205.37
09:09:57.279,205.36
09:09:57.279,205.37
09:09:57.280,205.36
09:09:57.281,205.37
09:09:57.293,205.36
09:09:57.656,205.35
09:09:57.930,205.36
09:09:58.417,205.35
09:09:58.495,205.36
09:09:58.880,205.35
09:09:58.880,205.36
09:09:58.880,205.35
09:09:59.051,205.34
09:10:00.146,205.33
09:10:00.248,205.34
09:10:00.409,205.33
09:10:00.575,205.34
09:10:01.348,205.33
09:10:02.678,205.34
09:10:02.679,205.33
09:10:02.695,205.34
09:10:02.757,205.33
09:10:04.522,205.32
09:10:04.537,205.31
09:10:05.054,205.32
09:10:05.133,205.31
09:10:06.169,205.3
09:10:06.221,205.29
09:10:06.392,205.3
09:10:06.810,205.29
09:10:08.503,205.28
09:10:09.024,205.27
09:10:09.732,205.26
09:10:09.733,205.27
09:10:09.765,205.26
09:10:09.918,205.27
09:10:10.173,205.26
09:10:11.004,205.25
09:10:12.106,205.24
09:10:13.110,205.25
09:10:13.111,205.24
09:10:13.126,205.25
09:10:13.156,205.24
09:10:13.212,205.25
09:10:15.143,205.26
09:10:17.729,205.27
09:10:17.739,205.28
09:10:17.748,205.27
09:10:18.160,205.28
09:10:18.307,205.27
09:10:18.307,205.26
09:10:18.308,205.27
09:10:18.314,205.26
09:10:18.314,205.27
09:10:18.314,205.26
09:10:18.968,205.27
09:10:18.995,205.26
09:10:19.011,205.27
09:10:19.153,205.26
09:10:19.160,205.25
09:10:19.232,205.24
09:10:19.351,205.25
09:10:20.352,205.26
09:10:21.107,205.25
09:10:21.159,205.26
09:10:21.160,205.25
09:10:21.257,205.26
09:10:22.700,205.25
09:10:23.156,205.24
09:10:23.477,205.25
09:10:24.496,205.26
09:10:24.533,205.27
09:10:24.649,205.28
09:10:24.674,205.29
09:10:24.759,205.3
09:10:25.846,205.29
09:10:26.001,205.28
09:10:26.001,205.29
09:10:26.002,205.28
09:10:26.969,205.27
09:10:26.990,205.26
09:10:27.923,205.27
09:10:28.029,205.26
09:10:28.051,205.27
09:10:28.519,205.26
09:10:28.815,205.27
09:10:30.631,205.26
09:10:33.127,205.25
09:10:33.861,205.26
09:10:35.875,205.27
09:10:36.278,205.26
09:10:36.419,205.27
09:10:39.279,205.28
09:10:39.489,205.27
09:10:40.987,205.28
09:10:41.865,205.29
09:10:41.884,205.3
09:10:42.236,205.31
09:10:42.337,205.3
09:10:42.361,205.31
09:10:42.372,205.3
09:10:42.373,205.31
09:10:42.513,205.3
09:10:42.513,205.31
09:10:42.532,205.3
09:10:43.146,205.31
09:10:43.364,205.3
09:10:44.793,205.31
09:10:44.867,205.3
09:10:45.052,205.31
09:10:45.097,205.32
09:10:45.370,205.31
09:10:45.714,205.3
09:10:48.390,205.31
09:10:48.391,205.32
09:10:48.400,205.33
09:10:48.686,205.34
09:10:48.764,205.33
09:10:48.955,205.32
09:10:49.150,205.33
09:10:49.199,205.32
09:10:49.672,205.33
09:10:50.447,205.34
09:10:50.538,205.33
09:10:52.599,205.32
09:10:52.994,205.33
09:10:53.406,205.32
09:10:53.419,205.31
09:10:53.479,205.3
09:10:53.479,205.31
09:10:53.479,205.3
09:10:53.630,205.29
09:10:53.632,205.28
09:10:53.642,205.27
09:10:53.642,205.28
09:10:59.593,205.27
09:10:59.593,205.28
09:10:59.594,205.27
09:10:59.599,205.26
09:11:00.650,205.27
09:11:01.002,205.26
09:11:02.609,205.27
09:11:05.417,205.26
09:11:07.285,205.27
09:11:08.281,205.28
09:11:08.702,205.27
09:11:08.814,205.28
09:11:09.884,205.27
09:11:09.884,205.28
09:11:09.884,205.27
09:11:10.011,205.26
09:11:10.012,205.27
09:11:10.032,205.26
09:11:10.053,205.27
09:11:11.186,205.26
09:11:14.630,205.27
09:11:14.646,205.28
09:11:14.726,205.27
09:11:14.934,205.28
09:11:16.772,205.27
09:11:16.924,205.26
09:11:16.924,205.27
09:11:16.973,205.26
09:11:17.529,205.25
09:11:19.708,205.24
09:11:19.737,205.25
09:11:20.769,205.26
09:11:21.709,205.25
09:11:21.903,205.26
09:11:22.563,205.25
09:11:22.818,205.26
09:11:23.202,205.27
09:11:24.472,205.26
09:11:24.487,205.27
09:11:24.499,205.26
09:11:24.528,205.27
09:11:24.528,205.26
09:11:24.738,205.25
09:11:25.118,205.26
09:11:25.145,205.25
09:11:26.028,205.26
09:11:26.460,205.25
09:11:26.932,205.24
09:11:27.006,205.25
09:11:27.525,205.26
09:11:27.599,205.25
09:11:27.607,205.26
09:11:28.183,205.25
09:11:28.207,205.24
09:11:28.733,205.25
09:11:28.753,205.26
09:11:28.828,205.25
09:11:30.832,205.24
09:11:30.848,205.23
09:11:31.137,205.24
09:11:32.666,205.25
09:11:32.737,205.24
09:11:34.721,205.23
09:11:35.086,205.24
09:11:37.147,205.25
09:11:37.280,205.24
09:11:37.565,205.25
09:11:37.566,205.24
09:11:37.566,205.25
09:11:37.580,205.24
09:11:38.077,205.25
09:11:38.612,205.26
09:11:38.731,205.27
09:11:39.158,205.28
09:11:39.311,205.27
09:11:41.182,205.28
09:11:41.210,205.27
09:11:41.216,205.28
09:11:41.342,205.27
09:11:41.448,205.28
09:11:41.500,205.27
09:11:41.902,205.28
09:11:46.235,205.29
09:11:46.254,205.3
09:11:49.104,205.29
09:11:49.203,205.3
09:11:52.834,205.31
09:11:52.930,205.32
09:11:57.283,205.31
09:11:57.290,205.3
09:11:59.477,205.29
09:12:01.227,205.3
09:12:02.603,205.29
09:12:05.229,205.28
09:12:05.463,205.27
09:12:05.884,205.28
09:12:05.964,205.27
09:12:05.964,205.28
09:12:05.965,205.27
09:12:05.965,205.28
09:12:07.108,205.27
09:12:07.305,205.28
09:12:07.317,205.27
09:12:07.975,205.28
09:12:07.976,205.27
09:12:11.024,205.28
09:12:11.320,205.27
09:12:11.921,205.28
09:12:13.269,205.27
09:12:15.324,205.28
09:12:17.288,205.27
09:12:17.567,205.26
09:12:17.570,205.25
09:12:18.672,205.24
09:12:20.974,205.25
09:12:21.189,205.24
09:12:21.189,205.25
09:12:21.191,205.24
09:12:23.478,205.25
09:12:23.554,205.24
09:12:23.659,205.25
09:12:23.659,205.24
09:12:23.659,205.25
09:12:23.659,205.24
09:12:23.749,205.25
09:12:23.926,205.26
09:12:23.934,205.27
09:12:26.772,205.28
09:12:26.788,205.29
09:12:26.977,205.28
09:12:27.636,205.29
09:12:27.640,205.28
09:12:28.833,205.29
09:12:29.165,205.28
09:12:30.608,205.27
09:12:33.447,205.28
09:12:34.270,205.27
09:12:35.690,205.26
09:12:36.149,205.27
09:12:37.369,205.26
09:12:37.505,205.25
09:12:38.599,205.26
09:12:38.602,205.27
09:12:40.271,205.28
09:12:40.877,205.29
09:12:40.897,205.28
09:12:40.947,205.29
09:12:42.570,205.28
09:12:42.570,205.29
09:12:42.571,205.28
09:12:42.877,205.29
09:12:49.944,205.3
09:12:50.159,205.29
09:12:50.266,205.3
09:12:51.742,205.31
09:12:51.768,205.32
09:12:51.881,205.31
09:12:54.376,205.3
09:12:56.275,205.29
09:12:56.746,205.28
09:12:57.961,205.27
09:12:59.413,205.26
09:12:59.466,205.25
09:13:09.109,205.26
09:13:09.213,205.25
09:13:10.471,205.24
09:13:11.292,205.23
09:13:11.482,205.24
09:13:11.594,205.23
09:13:11.747,205.24
09:13:12.555,205.25
09:13:13.066,205.24
09:13:13.264,205.25
09:13:13.774,205.24
09:13:13.914,205.23
09:13:14.006,205.22
09:13:14.038,205.23
09:13:14.323,205.22
09:13:14.324,205.23
09:13:14.516,205.24
09:13:14.616,205.25
09:13:14.634,205.26
09:13:14.635,205.25
09:13:14.637,205.26
09:13:14.639,205.25
09:13:14.639,205.26
09:13:15.220,205.27
09:13:15.887,205.26
09:13:16.314,205.25
09:13:16.716,205.26
09:13:18.063,205.27
09:13:18.579,205.26
09:13:18.751,205.27
09:13:18.868,205.26
09:13:19.418,205.25
09:13:19.801,205.26
09:13:19.801,205.25
09:13:19.807,205.26
09:13:19.906,205.27
09:13:20.060,205.26
09:13:20.077,205.27
09:13:20.181,205.26
09:13:20.193,205.25
09:13:20.194,205.26
09:13:21.028,205.27
09:13:21.612,205.28
09:13:21.746,205.29
09:13:22.768,205.28
09:13:23.341,205.29
09:13:24.717,205.28
09:13:29.542,205.27
09:13:29.551,205.28
09:13:29.553,205.27
09:13:29.609,205.28
09:13:30.021,205.29
09:13:32.575,205.3
09:13:33.158,205.31
09:13:33.180,205.32
09:13:33.313,205.31
09:13:33.563,205.3
09:13:33.563,205.31
09:13:33.606,205.3
09:13:33.651,205.31
09:13:34.437,205.3
09:13:34.603,205.31
09:13:34.615,205.3
09:13:36.696,205.31
09:13:37.030,205.3
09:13:38.012,205.31
09:13:38.014,205.32
09:13:38.070,205.33
09:13:39.878,205.32
09:13:41.025,205.33
09:13:44.504,205.32
09:13:45.202,205.33
09:13:46.933,205.34
09:13:47.118,205.35
09:13:47.137,205.36
09:13:47.137,205.35
09:13:47.137,205.36
09:13:47.184,205.37
09:13:48.404,205.38
09:13:48.779,205.39
09:13:50.015,205.4
09:13:50.960,205.41
09:13:50.997,205.42
09:13:52.353,205.41
09:13:53.101,205.4
09:13:54.718,205.39
09:13:54.723,205.38
09:13:54.816,205.39
09:13:55.092,205.4
09:13:55.221,205.39
09:13:55.255,205.4
09:13:55.314,205.39
09:13:55.779,205.4
09:13:56.108,205.41
09:13:56.118,205.4
09:13:57.348,205.39
09:13:57.349,205.4
09:13:57.899,205.39
09:13:57.912,205.38
09:13:58.296,205.39
09:13:58.298,205.38
09:13:58.318,205.39
09:13:58.392,205.38
09:13:58.392,205.39
09:13:58.392,205.38
09:13:58.499,205.39
09:13:58.499,205.38
09:13:58.506,205.39
09:13:59.308,205.4
09:13:59.776,205.41
09:13:59.778,205.4
09:13:59.792,205.41
09:13:59.795,205.4
09:13:59.819,205.41
09:13:59.820,205.4
09:13:59.841,205.41
09:13:59.850,205.4
09:14:00.133,205.41
09:14:00.404,205.4
09:14:00.550,205.41
09:14:00.582,205.4
09:14:00.822,205.41
09:14:00.830,205.4
09:14:00.831,205.41
09:14:00.832,205.4
09:14:00.856,205.41
09:14:01.284,205.4
09:14:01.294,205.41
09:14:01.317,205.4
09:14:01.318,205.41
09:14:01.428,205.4
09:14:01.506,205.41
09:14:02.096,205.42
09:14:03.315,205.41
09:14:03.555,205.4
09:14:03.669,205.41
09:14:03.971,205.4
09:14:03.983,205.41
09:14:03.994,205.4
09:14:06.200,205.39
09:14:06.217,205.38
09:14:06.358,205.39
09:14:06.369,205.38
09:14:07.027,205.39
09:14:07.203,205.38
09:14:07.778,205.37
09:14:08.011,205.38
09:14:08.803,205.37
09:14:08.852,205.38
09:14:11.107,205.37
09:14:13.007,205.38
09:14:13.870,205.37
09:14:13.950,205.38
09:14:14.039,205.37
09:14:14.150,205.38
09:14:14.253,205.37
09:14:15.179,205.38
09:14:15.500,205.37
09:14:15.977,205.38
09:14:16.166,205.37
09:14:16.187,205.38
09:14:18.669,205.37
09:14:18.673,205.36
09:14:19.368,205.35
09:14:19.736,205.36
09:14:19.755,205.35
09:14:19.759,205.36
09:14:20.467,205.37
09:14:20.655,205.36
09:14:21.030,205.35
09:14:22.784,205.36
09:14:22.870,205.37
09:14:27.468,205.38
09:14:28.138,205.37
09:14:28.139,205.38
09:14:28.270,205.37
09:14:29.302,205.36
09:14:32.150,205.37
09:14:32.846,205.38
09:14:32.882,205.39
09:14:35.134,205.4
09:14:35.431,205.39
09:14:35.664,205.4
09:14:37.340,205.41
09:14:37.531,205.4
09:14:37.882,205.41
09:14:38.285,205.4
09:14:38.352,205.39
09:14:38.366,205.38
09:14:38.552,205.39
09:14:38.657,205.38
09:14:38.658,205.39
09:14:38.737,205.38
09:14:38.793,205.39
09:14:38.864,205.38
09:14:38.864,205.39
09:14:38.904,205.38
09:14:38.905,205.39
09:14:38.933,205.38
09:14:39.105,205.39
09:14:39.107,205.38
09:14:39.139,205.39
09:14:39.139,205.38
09:14:39.139,205.39
09:14:39.140,205.38
09:14:39.357,205.37
09:14:39.359,205.38
09:14:39.492,205.37
09:14:40.045,205.38
09:14:41.190,205.39
09:14:41.557,205.38
09:14:41.559,205.39
09:14:41.675,205.38
09:14:41.679,205.39
09:14:41.689,205.38
09:14:42.198,205.39
09:14:42.215,205.38
09:14:42.216,205.39
09:14:42.419,205.38
09:14:42.423,205.39
09:14:42.466,205.38
09:14:42.466,205.39
09:14:42.575,205.38
09:14:42.637,205.39
09:14:43.583,205.4
09:14:45.912,205.39
09:14:45.921,205.4
09:14:46.117,205.39
09:14:46.601,205.38
09:14:46.634,205.39
09:14:47.059,205.4
09:14:48.380,205.39
09:14:48.383,205.38
09:14:50.061,205.37
09:14:51.146,205.36
09:14:51.148,205.35
09:14:51.149,205.36
09:14:51.193,205.35
09:14:51.207,205.36
09:14:51.223,205.35
09:14:51.226,205.36
09:14:51.235,205.35
09:14:51.244,205.36
09:14:52.572,205.35
09:14:52.603,205.36
09:14:52.710,205.35
09:14:56.196,205.36
09:14:57.382,205.37
09:14:58.437,205.36
09:14:58.438,205.37
09:14:58.439,205.36
09:14:58.834,205.35
09:15:00.227,205.36
09:15:00.227,205.35
09:15:00.227,205.36
09:15:01.122,205.37
09:15:02.154,205.38
09:15:03.147,205.39
09:15:03.154,205.4
09:15:03.413,205.39
09:15:03.946,205.38
09:15:05.410,205.39
09:15:05.928,205.38
09:15:05.951,205.39
09:15:06.012,205.38
09:15:06.528,205.37
09:15:10.320,205.38
09:15:10.389,205.39
09:15:10.431,205.4
09:15:11.562,205.41
09:15:11.625,205.42
09:15:11.693,205.41
09:15:12.384,205.42
09:15:12.398,205.41
09:15:13.160,205.42
09:15:13.308,205.41
09:15:13.326,205.42
09:15:14.303,205.41
09:15:14.312,205.42
09:15:14.323,205.41
09:15:14.323,205.42
09:15:14.333,205.41
09:15:14.351,205.42
09:15:14.708,205.41
09:15:14.723,205.42
09:15:15.597,205.43
09:15:15.610,205.44
09:15:15.673,205.43
09:15:16.223,205.44
09:15:16.223,205.43
09:15:16.225,205.44
09:15:16.229,205.43
09:15:16.243,205.44
09:15:16.499,205.43
09:15:16.502,205.44
09:15:16.504,205.43
09:15:16.508,205.44
09:15:16.533,205.43
09:15:16.538,205.44
09:15:16.546,205.43
09:15:16.550,205.44
09:15:18.437,205.43
09:15:18.443,205.44
09:15:18.445,205.43
09:15:20.166,205.44
09:15:20.860,205.45
09:15:20.953,205.46
09:15:21.087,205.45
09:15:21.088,205.46
09:15:21.334,205.47
09:15:21.709,205.48
09:15:21.995,205.49
09:15:22.238,205.48
09:15:22.239,205.49
09:15:22.699,205.48
09:15:22.818,205.47
09:15:22.842,205.46
09:15:22.842,205.47
09:15:22.843,205.46
09:15:22.878,205.47
09:15:22.886,205.46
09:15:23.207,205.47
09:15:23.435,205.46
09:15:23.612,205.45
09:15:23.612,205.46
09:15:23.612,205.45
09:15:23.612,205.46
09:15:23.613,205.45
09:15:23.613,205.46
09:15:23.613,205.45
09:15:23.614,205.46
09:15:23.622,205.45
09:15:23.622,205.46
09:15:23.622,205.45
09:15:23.627,205.46
09:15:23.627,205.45
09:15:23.901,205.46
09:15:24.410,205.45
09:15:24.410,205.46
09:15:24.887,205.47
09:15:24.910,205.46
09:15:24.910,205.47
09:15:24.911,205.46
09:15:24.911,205.47
09:15:24.911,205.46
09:15:24.925,205.47
09:15:25.164,205.48
09:15:25.654,205.49
09:15:25.702,205.48
09:15:25.702,205.49
09:15:25.702,205.48
09:15:26.087,205.49
09:15:26.106,205.48
09:15:26.290,205.49
09:15:26.616,205.48
09:15:26.618,205.49
09:15:26.636,205.48
09:15:26.637,205.49
09:15:26.675,205.48
09:15:26.911,205.49
09:15:26.920,205.5
09:15:26.936,205.51
09:15:26.985,205.5
09:15:27.313,205.51
09:15:27.323,205.5
09:15:27.390,205.51
09:15:27.680,205.5
09:15:27.897,205.49
09:15:27.977,205.48
09:15:27.982,205.49
09:15:28.136,205.48
09:15:28.555,205.49
09:15:28.556,205.48
09:15:30.427,205.49
09:15:31.427,205.5
09:15:31.481,205.49
09:15:31.481,205.5
09:15:31.485,205.49
09:15:31.485,205.5
09:15:31.486,205.49
09:15:31.568,205.5
09:15:32.724,205.49
09:15:33.158,205.5
09:15:33.212,205.49
09:15:33.657,205.48
09:15:35.646,205.49
09:15:35.718,205.48
09:15:35.906,205.49
09:15:36.577,205.48
09:15:48.140,205.47
09:15:48.152,205.46
09:15:49.198,205.45
09:15:49.239,205.46
09:15:50.194,205.45
09:15:50.276,205.46
09:15:52.798,205.47
09:15:54.230,205.48
09:15:55.574,205.47
09:15:55.791,205.48
09:15:55.833,205.47
09:15:55.835,205.46
09:15:56.323,205.47
09:15:56.325,205.46
09:15:56.325,205.47
09:15:56.371,205.46
09:15:57.367,205.47
09:15:58.841,205.48
09:15:59.706,205.47
09:15:59.706,205.48
09:15:59.710,205.47
09:16:00.273,205.48
09:16:04.336,205.49
09:16:06.982,205.48
09:16:06.984,205.47
09:16:06.991,205.46
09:16:06.993,205.47
09:16:07.402,205.46
09:16:07.403,205.47
09:16:07.666,205.46
09:16:07.673,205.47
09:16:07.831,205.46
09:16:10.170,205.45
09:16:10.179,205.44
09:16:10.179,205.45
09:16:10.181,205.44
09:16:10.181,205.45
09:16:10.436,205.46
09:16:10.516,205.45
09:16:10.516,205.46
09:16:10.613,205.45
09:16:10.624,205.46
09:16:12.285,205.45
09:16:12.339,205.46
09:16:12.536,205.45
09:16:14.137,205.46
09:16:14.156,205.47
09:16:14.211,205.46
09:16:14.232,205.47
09:16:14.303,205.46
09:16:17.305,205.45
09:16:17.507,205.44
09:16:17.625,205.43
09:16:17.727,205.44
09:16:18.836,205.43
09:16:19.262,205.44
09:16:20.188,205.43
09:16:20.245,205.44
09:16:20.565,205.43
09:16:20.792,205.42
09:16:20.792,205.43
09:16:20.794,205.42
09:16:22.787,205.41
09:16:23.075,205.42
09:16:23.107,205.41
09:16:24.402,205.4
09:16:24.403,205.39
09:16:24.565,205.38
09:16:24.568,205.37
09:16:24.569,205.38
09:16:24.578,205.37
09:16:24.580,205.38
09:16:24.725,205.37
09:16:24.773,205.38
09:16:25.644,205.39
09:16:26.361,205.4
09:16:26.364,205.39
09:16:30.399,205.38
09:16:30.400,205.37
09:16:30.552,205.38
09:16:30.651,205.37
09:16:30.961,205.38
09:16:31.085,205.37
09:16:31.140,205.38
09:16:31.562,205.37
09:16:31.928,205.38
09:16:32.021,205.37
09:16:32.113,205.36
09:16:32.832,205.35
09:16:32.832,205.36
09:16:33.113,205.37
09:16:33.203,205.36
09:16:33.260,205.37
09:16:33.615,205.36
09:16:34.132,205.37
09:16:34.575,205.38
09:16:34.664,205.37
09:16:34.677,205.38
09:16:40.434,205.39
09:16:40.520,205.4
09:16:40.904,205.39
09:16:40.905,205.4
09:16:40.965,205.39
09:16:45.356,205.4
09:16:45.364,205.41
09:16:45.384,205.42
09:16:46.412,205.43
09:16:46.466,205.44
09:16:48.436,205.43
09:16:49.426,205.44
09:16:50.106,205.43
09:16:50.152,205.44
09:16:50.272,205.43
09:16:50.400,205.42
09:16:50.985,205.41
09:16:51.618,205.4
09:16:52.383,205.41
09:16:52.840,205.4
09:16:52.955,205.41
09:16:53.535,205.4
09:16:54.076,205.41
09:16:54.614,205.42
09:16:54.912,205.41
09:16:54.912,205.42
09:16:54.913,205.41
09:16:54.913,205.42
09:16:56.952,205.41
09:16:59.372,205.42
09:16:59.743,205.41
09:16:59.768,205.42
09:17:00.627,205.41
09:17:02.871,205.4
09:17:04.935,205.41
09:17:05.221,205.42
09:17:07.379,205.43
09:17:10.750,205.42
09:17:11.365,205.41
09:17:14.449,205.4
09:17:18.159,205.41
09:17:18.364,205.4
09:17:18.520,205.41
09:17:18.559,205.4
09:17:18.651,205.41
09:17:20.361,205.4
09:17:21.246,205.39
09:17:21.253,205.38
09:17:21.293,205.37
09:17:21.341,205.36
09:17:21.341,205.37
09:17:21.342,205.36
09:17:22.374,205.35
09:17:22.375,205.36
09:17:22.386,205.35
09:17:22.493,205.36
09:17:22.953,205.35
09:17:22.954,205.36
09:17:23.550,205.37
09:17:23.826,205.36
09:17:26.745,205.37
09:17:28.499,205.38
09:17:29.239,205.37
09:17:29.241,205.38
09:17:29.807,205.37
09:17:29.990,205.38
09:17:30.062,205.37
09:17:30.867,205.36
09:17:31.521,205.35
09:17:31.941,205.36
09:17:32.862,205.35
09:17:33.083,205.36
09:17:33.363,205.35
09:17:33.885,205.36
09:17:34.363,205.35
09:17:34.800,205.36
09:17:35.335,205.37
09:17:35.686,205.36
09:17:36.244,205.37
09:17:36.415,205.36
09:17:36.711,205.37
09:17:37.504,205.38
09:17:37.814,205.39
09:17:38.375,205.4
09:17:38.378,205.39
09:17:38.409,205.4
09:17:39.434,205.39
09:17:39.512,205.4
09:17:39.733,205.39
09:17:39.795,205.4
09:17:39.919,205.39
09:17:40.114,205.4
09:17:40.118,205.39
09:17:40.152,205.4
09:17:40.408,205.39
09:17:40.444,205.4
09:17:40.518,205.39
09:17:40.519,205.4
09:17:40.529,205.39
09:17:40.719,205.4
09:17:40.818,205.39
09:17:40.827,205.4
09:17:40.828,205.39
09:17:40.863,205.4
09:17:40.867,205.39
09:17:40.867,205.4
09:17:40.867,205.39
09:17:40.868,205.4
09:17:40.927,205.39
09:17:42.369,205.38
09:17:42.634,205.39
09:17:43.313,205.38
09:17:43.377,205.39
09:17:45.102,205.4
09:17:45.146,205.41
09:17:50.320,205.4
09:17:50.497,205.39
09:17:50.506,205.38
09:17:50.676,205.37
09:17:50.977,205.38
09:17:54.058,205.39
09:17:54.087,205.4
09:17:54.535,205.39
09:17:54.536,205.4
09:17:54.550,205.39
09:17:54.570,205.4
09:17:55.271,205.39
09:17:55.739,205.4
09:17:56.268,205.41
09:17:58.019,205.4
09:18:00.857,205.39
09:18:03.134,205.38
09:18:09.272,205.37
09:18:09.289,205.36
09:18:10.506,205.37
09:18:10.577,205.36
09:18:10.605,205.37
09:18:11.289,205.36
09:18:12.105,205.37
09:18:12.139,205.36
09:18:15.166,205.37
09:18:15.314,205.36
09:18:15.314,205.37
09:18:15.940,205.38
09:18:16.053,205.39
09:18:19.702,205.4
09:18:26.998,205.39
09:18:27.696,205.4
09:18:28.097,205.39
09:18:30.166,205.4
09:18:30.377,205.39
09:18:30.642,205.4
09:18:31.957,205.39
09:18:33.017,205.4
09:18:34.590,205.39
09:18:35.030,205.4
09:18:35.138,205.39
09:18:35.138,205.4
09:18:35.808,205.41
09:18:35.814,205.42
09:18:38.552,205.41
09:18:38.569,205.4
09:18:38.758,205.41
09:18:38.954,205.4
09:18:38.956,205.41
09:18:40.176,205.4
09:18:40.587,205.39
09:18:40.963,205.38
09:18:41.126,205.37
09:18:41.421,205.38
09:18:41.548,205.37
09:18:41.780,205.38
09:18:42.020,205.37
09:18:42.127,205.36
09:18:42.127,205.37
09:18:42.127,205.36
09:18:42.128,205.37
09:18:42.128,205.36
09:18:45.593,205.35
09:18:46.169,205.34
09:18:46.710,205.35
09:18:47.698,205.36
09:18:48.961,205.35
09:18:48.963,205.36
09:18:48.966,205.35
09:18:56.506,205.36
09:18:56.613,205.37
09:18:57.001,205.38
09:18:58.349,205.39
09:18:58.473,205.4
09:19:00.730,205.41
09:19:03.864,205.4
09:19:07.995,205.41
09:19:07.998,205.42
09:19:09.535,205.43
09:19:12.630,205.44
09:19:12.836,205.43
09:19:13.293,205.44
09:19:18.100,205.45
09:19:18.102,205.46
09:19:18.107,205.47
09:19:18.189,205.46
09:19:18.204,205.47
09:19:19.539,205.46
09:19:19.627,205.47
09:19:21.292,205.46
09:19:21.883,205.45
09:19:23.303,205.44
09:19:23.343,205.45
09:19:23.636,205.44
09:19:23.683,205.45
09:19:24.782,205.46
09:19:24.853,205.45
09:19:25.069,205.46
09:19:25.764,205.47
09:19:27.241,205.46
09:19:27.241,205.47
09:19:27.241,205.46
09:19:27.244,205.45
09:19:27.246,205.46
09:19:27.447,205.45
09:19:27.694,205.46
09:19:28.070,205.45
09:19:28.071,205.46
09:19:28.075,205.45
09:19:28.148,205.46
09:19:29.366,205.45
09:19:30.154,205.46
09:19:31.367,205.45
09:19:31.512,205.46
09:19:31.569,205.45
09:19:31.581,205.46
09:19:31.884,205.47
09:19:31.973,205.46
09:19:32.155,205.47
09:19:32.156,205.46
09:19:32.166,205.47
09:19:32.905,205.46
09:19:34.065,205.45
09:19:34.095,205.46
09:19:34.381,205.45
09:19:34.381,205.46
09:19:34.382,205.45
09:19:34.520,205.46
09:19:35.393,205.45
09:19:37.379,205.44
09:19:38.256,205.45
09:19:38.258,205.46
09:19:39.184,205.47
09:19:39.380,205.46
09:19:39.406,205.45
09:19:39.407,205.46
09:19:39.408,205.45
09:19:39.409,205.46
09:19:39.414,205.45
09:19:43.170,205.44
09:19:43.192,205.43
09:19:43.847,205.44
09:19:44.591,205.43
09:19:46.057,205.42
09:19:46.398,205.41
09:19:47.978,205.42
09:19:48.052,205.43
09:19:49.148,205.42
09:19:53.631,205.41
09:19:53.654,205.42
09:19:54.597,205.41
09:19:55.103,205.42
09:19:55.621,205.43
09:19:55.635,205.44
09:19:56.155,205.43
09:19:58.208,205.42
09:20:04.142,205.41
09:20:05.052,205.42
09:20:10.010,205.43
09:20:10.026,205.44
09:20:10.066,205.45
09:20:10.916,205.46
09:20:10.920,205.47
09:20:11.378,205.48
09:20:11.384,205.49
09:20:13.808,205.48
09:20:14.699,205.47
09:20:15.017,205.48
09:20:15.691,205.47
09:20:16.282,205.48
09:20:16.285,205.49
09:20:17.170,205.48
09:20:17.911,205.49
09:20:21.533,205.5
09:20:21.534,205.51
09:20:21.540,205.52
09:20:21.552,205.51
09:20:21.638,205.52
09:20:21.722,205.51
09:20:21.735,205.52
09:20:21.735,205.51
09:20:21.735,205.52
09:20:22.193,205.53
09:20:22.323,205.54
09:20:22.399,205.53
09:20:22.462,205.54
09:20:22.656,205.53
09:20:23.077,205.54
09:20:23.590,205.53
09:20:23.911,205.54
09:20:23.962,205.53
09:20:24.534,205.54
09:20:24.877,205.53
09:20:24.885,205.54
09:20:25.077,205.53
09:20:25.077,205.54
09:20:25.567,205.55
09:20:25.569,205.56
09:20:25.575,205.57
09:20:25.582,205.56
09:20:25.582,205.57
09:20:25.582,205.56
09:20:25.582,205.57
09:20:25.585,205.56
09:20:25.589,205.57
09:20:25.591,205.58
09:20:25.593,205.59
09:20:25.597,205.58
09:20:25.598,205.59
09:20:25.612,205.58
09:20:25.617,205.59
09:20:25.705,205.6
09:20:25.776,205.59
09:20:25.782,205.6
09:20:25.892,205.61
09:20:25.894,205.62
09:20:25.917,205.63
09:20:26.489,205.64
09:20:26.788,205.63
09:20:26.791,205.64
09:20:27.036,205.63
09:20:27.626,205.62
09:20:28.245,205.63
09:20:28.276,205.62
09:20:28.281,205.61
09:20:28.647,205.6
09:20:29.647,205.59
09:20:29.703,205.58
09:20:30.675,205.57
09:20:30.778,205.58
09:20:32.841,205.59
09:20:32.955,205.6
09:20:35.314,205.59
09:20:35.473,205.6
09:20:35.737,205.59
09:20:35.820,205.6
09:20:35.969,205.59
09:20:36.000,205.6
09:20:36.051,205.59
09:20:36.052,205.6
09:20:36.052,205.59
09:20:36.052,205.6
09:20:36.054,205.59
09:20:36.267,205.6
09:20:37.475,205.61
09:20:37.481,205.6
09:20:37.491,205.61
09:20:37.672,205.62
09:20:38.536,205.61
09:20:38.540,205.6
09:20:38.540,205.61
09:20:38.540,205.6
09:20:40.507,205.59
09:20:40.507,205.6
09:20:40.508,205.59
09:20:41.279,205.6
09:20:41.627,205.59
09:20:41.631,205.6
09:20:41.636,205.59
09:20:44.418,205.58
09:20:44.642,205.59
09:20:47.721,205.6
09:20:48.082,205.59
09:20:48.242,205.6
09:20:48.313,205.59
09:20:48.313,205.6
09:20:48.323,205.59
09:20:51.036,205.58
09:20:51.660,205.57
09:20:52.218,205.58
09:20:52.328,205.57
09:20:52.577,205.56
09:20:54.138,205.57
09:20:54.415,205.56
09:20:56.124,205.57
09:20:59.407,205.56
09:20:59.428,205.55
09:20:59.775,205.56
09:21:00.986,205.55
09:21:08.010,205.54
09:21:08.621,205.53
09:21:08.914,205.52
09:21:10.125,205.53
09:21:11.194,205.54
09:21:13.442,205.53
09:21:16.388,205.52
09:21:16.388,205.53
09:21:16.389,205.52
09:21:16.982,205.53
09:21:18.296,205.52
09:21:18.942,205.53
09:21:19.322,205.54
09:21:19.474,205.53
09:21:19.486,205.54
09:21:19.725,205.53
09:21:19.831,205.54
09:21:19.902,205.53
09:21:19.928,205.54
09:21:19.992,205.53
09:21:21.226,205.52
09:21:22.714,205.53
09:21:22.787,205.52
09:21:24.861,205.51
09:21:24.952,205.5
09:21:26.522,205.51
09:21:27.557,205.5
09:21:27.648,205.49
09:21:27.659,205.48
09:21:27.705,205.49
09:21:27.994,205.48
09:21:28.034,205.49
09:21:28.198,205.48
09:21:28.366,205.47
09:21:28.822,205.48
09:21:29.119,205.47
09:21:30.317,205.46
09:21:30.550,205.47
09:21:30.873,205.46
09:21:32.622,205.47
09:21:32.729,205.46
09:21:32.945,205.47
09:21:32.963,205.46
09:21:33.163,205.47
09:21:34.026,205.46
09:21:34.233,205.47
09:21:34.528,205.46
09:21:34.798,205.47
09:21:35.070,205.46
09:21:35.095,205.47
09:21:38.437,205.46
09:21:39.199,205.45
09:21:39.226,205.46
09:21:42.212,205.47
09:21:42.656,205.46
09:21:42.845,205.47
09:21:42.857,205.46
09:21:42.882,205.47
09:21:42.895,205.46
09:21:44.147,205.45
09:21:44.629,205.44
09:21:45.027,205.45
09:21:45.912,205.44
09:21:45.922,205.43
09:21:45.922,205.44
09:21:45.923,205.43
09:21:46.017,205.44
09:21:46.057,205.43
09:21:46.172,205.44
09:21:46.279,205.43
09:21:46.581,205.44
09:21:47.541,205.45
09:21:47.598,205.44
09:21:48.010,205.45
09:21:51.015,205.44
09:21:53.861,205.45
09:21:57.461,205.46
09:21:57.464,205.47
09:21:59.050,205.46
09:21:59.065,205.45
09:22:07.602,205.44
09:22:07.604,205.43
09:22:07.605,205.44
09:22:07.606,205.43
09:22:07.606,205.44
09:22:07.606,205.43
09:22:07.650,205.44
09:22:08.081,205.43
09:22:08.653,205.44
09:22:09.169,205.43
09:22:10.177,205.44
09:22:10.180,205.43
09:22:10.212,205.44
09:22:12.484,205.45
09:22:13.624,205.46
09:22:15.329,205.47
09:22:15.549,205.46
09:22:15.947,205.45
09:22:17.144,205.44
09:22:17.159,205.43
09:22:17.161,205.44
09:22:17.161,205.43
09:22:17.268,205.42
09:22:17.268,205.43
09:22:17.269,205.42
09:22:17.269,205.43
09:22:17.270,205.42
09:22:17.295,205.43
09:22:17.976,205.42
09:22:17.977,205.41
09:22:17.979,205.42
09:22:17.980,205.41
09:22:17.982,205.42
09:22:18.133,205.43
09:22:18.134,205.42
09:22:18.135,205.43
09:22:18.208,205.42
09:22:18.336,205.43
09:22:18.589,205.42
09:22:18.699,205.43
09:22:19.679,205.42
09:22:20.122,205.43
09:22:20.715,205.42
09:22:20.937,205.43
09:22:21.380,205.42
09:22:21.464,205.41
09:22:21.552,205.42
09:22:22.050,205.43
09:22:23.299,205.42
09:22:24.413,205.43
09:22:24.508,205.44
09:22:24.601,205.43
09:22:25.022,205.44
09:22:25.026,205.43
09:22:25.039,205.44
09:22:25.121,205.43
09:22:25.812,205.42
09:22:25.935,205.43
09:22:26.000,205.42
09:22:27.195,205.43
09:22:27.197,205.44
09:22:27.240,205.43
09:22:27.722,205.42
09:22:27.986,205.43
09:22:28.655,205.42
09:22:29.859,205.41
09:22:30.008,205.4
09:22:30.030,205.41
09:22:30.171,205.4
09:22:30.275,205.41
09:22:30.281,205.42
09:22:30.418,205.41
09:22:32.757,205.42
09:22:32.801,205.41
09:22:32.801,205.42
09:22:32.802,205.41
09:22:32.815,205.4
09:22:32.815,205.41
09:22:32.816,205.4
09:22:32.819,205.41
09:22:32.827,205.4
09:22:32.855,205.41
09:22:33.053,205.4
09:22:33.069,205.41
09:22:33.162,205.4
09:22:34.535,205.41
09:22:34.539,205.42
09:22:35.464,205.43
09:22:35.671,205.44
09:22:35.676,205.45
09:22:35.679,205.46
09:22:35.684,205.47
09:22:35.689,205.48
09:22:35.711,205.47
09:22:35.714,205.48
09:22:35.720,205.47
09:22:35.720,205.48
09:22:35.796,205.49
09:22:35.922,205.5
09:22:36.054,205.49
09:22:36.062,205.5
09:22:36.908,205.49
09:22:37.412,205.5
09:22:37.479,205.49
09:22:37.483,205.5
09:22:38.248,205.49
09:22:38.432,205.5
09:22:40.393,205.51
09:22:40.761,205.52
09:22:40.993,205.53
09:22:41.325,205.54
09:22:41.334,205.53
09:22:41.342,205.54
09:22:42.950,205.55
09:22:42.966,205.56
09:22:43.042,205.55
09:22:43.042,205.56
09:22:43.052,205.57
09:22:43.205,205.56
09:22:43.737,205.57
09:22:46.756,205.58
09:22:46.817,205.57
09:22:46.830,205.58
09:22:46.931,205.57
09:22:47.197,205.56
09:22:47.265,205.55
09:22:47.328,205.54
09:22:47.328,205.55
09:22:47.368,205.54
09:22:47.398,205.55
09:22:47.815,205.54
09:22:47.842,205.55
09:22:47.847,205.56
09:22:47.850,205.55
09:22:47.862,205.56
09:22:47.877,205.55
09:22:48.490,205.54
09:22:48.557,205.55
09:22:48.591,205.54
09:22:51.055,205.55
09:22:51.741,205.54
09:22:51.751,205.55
09:22:52.929,205.56
09:22:53.067,205.55
09:22:53.666,205.56
09:22:53.677,205.55
09:22:53.680,205.56
09:22:53.719,205.55
09:22:53.959,205.54
09:22:53.959,205.55
09:22:53.959,205.54
09:22:55.275,205.55
09:22:55.355,205.56
09:22:55.355,205.55
09:22:55.355,205.56
09:22:55.360,205.55
09:22:55.367,205.56
09:22:55.375,205.57
09:22:55.460,205.56
09:22:55.462,205.57
09:22:55.665,205.56
09:22:55.666,205.57
09:22:55.667,205.56
09:22:55.683,205.57
09:22:55.686,205.56
09:22:56.033,205.57
09:22:56.355,205.58
09:22:57.261,205.59
09:22:59.161,205.6
09:22:59.310,205.59
09:23:00.824,205.58
09:23:00.824,205.59
09:23:00.825,205.58
09:23:01.483,205.57
09:23:01.797,205.56
09:23:02.538,205.57
09:23:03.691,205.56
09:23:03.774,205.55
09:23:04.377,205.54
09:23:04.493,205.55
09:23:14.574,205.54
09:23:14.575,205.53
09:23:14.589,205.52
09:23:14.640,205.53
09:23:16.474,205.54
09:23:16.826,205.55
09:23:17.468,205.56
09:23:17.635,205.57
09:23:20.582,205.56
09:23:20.715,205.57
09:23:20.753,205.58
09:23:22.946,205.57
09:23:22.950,205.58
09:23:23.185,205.57
09:23:23.189,205.58
09:23:23.703,205.57
09:23:23.709,205.58
09:23:23.717,205.57
09:23:23.718,205.58
09:23:23.748,205.57
09:23:24.829,205.56
09:23:24.935,205.57
09:23:26.101,205.58
09:23:27.310,205.57
09:23:27.351,205.58
09:23:27.711,205.57
09:23:28.473,205.58
09:23:28.630,205.59
09:23:32.132,205.58
09:23:32.814,205.57
09:23:32.944,205.58
09:23:33.170,205.59
09:23:34.820,205.6
09:23:35.035,205.61
09:23:35.097,205.6
09:23:36.592,205.59
09:23:37.302,205.6
09:23:38.971,205.59
09:23:40.392,205.6
09:23:40.394,205.61
09:23:40.407,205.62
09:23:40.455,205.63
09:23:40.544,205.62
09:23:40.700,205.61
09:23:40.753,205.62
09:23:41.455,205.61
09:23:41.473,205.6
09:23:44.206,205.59
09:23:45.414,205.58
09:23:45.457,205.57
09:23:45.457,205.58
09:23:45.497,205.57
09:23:45.513,205.58
09:23:45.984,205.59
09:23:45.995,205.6
09:23:47.868,205.59
09:23:48.396,205.6
09:23:48.673,205.59
09:23:48.699,205.58
09:23:48.925,205.57
09:23:48.983,205.56
09:23:48.988,205.55
09:23:49.628,205.54
09:23:49.644,205.53
09:23:49.666,205.54
09:23:50.051,205.53
09:23:50.054,205.54
09:23:50.061,205.53
09:23:50.062,205.54
09:23:50.209,205.53
09:23:50.211,205.52
09:23:50.213,205.53
09:23:50.216,205.52
09:23:50.245,205.53
09:23:50.287,205.52
09:23:50.590,205.51
09:23:50.609,205.5
09:23:51.682,205.51
09:23:51.699,205.52
09:23:51.709,205.51
09:23:51.712,205.52
09:23:51.771,205.51
09:23:51.920,205.52
09:23:51.942,205.51
09:23:52.002,205.52
09:23:53.727,205.53
09:23:53.751,205.54
09:23:54.773,205.53
09:23:55.743,205.52
09:23:55.764,205.53
09:23:55.784,205.54
09:23:55.931,205.53
09:23:56.025,205.54
09:23:56.689,205.53
09:23:57.005,205.52
09:23:57.763,205.53
09:23:58.117,205.54
09:23:58.781,205.55
09:23:58.820,205.54
09:23:58.820,205.55
09:23:58.832,205.54
09:24:00.365,205.55
09:24:00.374,205.54
09:24:00.374,205.55
09:24:00.378,205.54
09:24:00.378,205.55
09:24:00.386,205.54
09:24:00.386,205.55
09:24:00.583,205.54
09:24:00.583,205.55
09:24:00.594,205.54
09:24:00.594,205.55
09:24:00.671,205.54
09:24:00.794,205.53
09:24:00.803,205.52
09:24:03.490,205.51
09:24:03.511,205.5
09:24:04.408,205.51
09:24:05.303,205.52
09:24:06.149,205.53
09:24:06.895,205.54
09:24:09.076,205.55
09:24:09.087,205.54
09:24:09.306,205.55
09:24:09.537,205.56
09:24:10.046,205.57
09:24:10.075,205.56
09:24:10.394,205.57
09:24:10.405,205.56
09:24:10.503,205.57
09:24:11.161,205.56
09:24:11.312,205.57
09:24:11.742,205.56
09:24:11.883,205.57
09:24:12.102,205.56
09:24:12.135,205.57
09:24:13.739,205.56
09:24:13.739,205.57
09:24:13.739,205.56
09:24:13.740,205.57
09:24:13.740,205.56
09:24:13.740,205.57
09:24:13.740,205.56
09:24:14.099,205.55
09:24:14.639,205.56
09:24:14.644,205.57
09:24:14.646,205.56
09:24:14.699,205.55
09:24:14.742,205.56
09:24:14.815,205.55
09:24:15.083,205.54
09:24:15.224,205.55
09:24:15.954,205.54
09:24:15.993,205.55
09:24:17.002,205.54
09:24:17.368,205.55
09:24:19.612,205.56
09:24:20.760,205.55
09:24:20.990,205.54
09:24:22.142,205.55
09:24:22.145,205.56
09:24:22.153,205.57
09:24:22.262,205.58
09:24:22.267,205.59
09:24:22.432,205.6
09:24:22.565,205.61
09:24:22.566,205.6
09:24:22.575,205.61
09:24:22.810,205.62
09:24:23.383,205.63
09:24:24.468,205.62
09:24:24.470,205.61
09:24:24.471,205.62
09:24:24.472,205.61
09:24:24.478,205.62
09:24:24.483,205.61
09:24:25.041,205.6
09:24:25.044,205.59
09:24:25.047,205.58
09:24:25.049,205.59
09:24:25.049,205.58
09:24:25.061,205.57
09:24:25.061,205.58
09:24:25.066,205.57
09:24:25.066,205.58
09:24:25.110,205.57
09:24:25.147,205.58
09:24:25.812,205.59
09:24:25.812,205.58
09:24:25.812,205.59
09:24:27.475,205.58
09:24:27.475,205.59
09:24:27.475,205.58
09:24:27.677,205.59
09:24:27.695,205.58
09:24:28.363,205.59
09:24:30.420,205.6
09:24:30.556,205.61
09:24:31.741,205.62
09:24:32.184,205.61
09:24:33.377,205.6
09:24:35.157,205.61
09:24:35.559,205.62
09:24:35.940,205.61
09:24:35.940,205.62
09:24:35.960,205.61
09:24:36.221,205.6
09:24:36.326,205.59
09:24:36.510,205.6
09:24:36.588,205.61
09:24:37.400,205.62
09:24:39.939,205.63
09:24:39.942,205.64
09:24:41.443,205.65
09:24:41.446,205.66
09:24:41.455,205.67
09:24:41.545,205.68
09:24:41.545,205.67
09:24:41.547,205.68
09:24:41.636,205.67
09:24:41.719,205.68
09:24:42.078,205.67
09:24:42.079,205.68
09:24:42.079,205.67
09:24:42.080,205.68
09:24:42.432,205.69
09:24:43.455,205.7
09:24:44.128,205.69
09:24:44.343,205.68
09:24:44.423,205.67
09:24:44.684,205.66
09:24:44.726,205.67
09:24:44.737,205.66
09:24:44.790,205.67
09:24:44.800,205.66
09:24:44.876,205.67
09:24:44.876,205.66
09:24:44.876,205.67
09:24:44.900,205.66
09:24:44.900,205.67
09:24:45.026,205.66
09:24:45.482,205.67
09:24:45.484,205.68
09:24:45.698,205.67
09:24:45.992,205.68
09:24:46.095,205.69
09:24:46.149,205.68
09:24:46.526,205.67
09:24:47.292,205.68
09:24:47.378,205.67
09:24:47.702,205.66
09:24:47.718,205.65
09:24:47.718,205.66
09:24:47.720,205.65
09:24:47.720,205.66
09:24:47.721,205.65
09:24:47.721,205.66
09:24:47.922,205.67
09:24:48.055,205.68
09:24:48.240,205.67
09:24:48.280,205.68
09:24:49.064,205.67
09:24:49.518,205.66
09:24:50.379,205.65
09:24:52.251,205.66
09:24:52.271,205.65
09:24:52.569,205.64
09:24:54.061,205.63
09:24:54.061,205.64
09:24:54.061,205.63
09:24:54.694,205.62
09:24:56.796,205.63
09:24:56.800,205.62
09:24:56.805,205.63
09:24:58.094,205.64
09:24:58.107,205.63
09:24:58.107,205.64
09:24:59.249,205.65
09:24:59.254,205.64
09:25:00.057,205.63
09:25:00.917,205.62
09:25:02.997,205.63
09:25:03.013,205.62
09:25:08.371,205.61
09:25:08.501,205.6
09:25:08.518,205.59
09:25:09.115,205.58
09:25:09.454,205.57
09:25:09.481,205.56
09:25:10.564,205.57
09:25:11.670,205.56
09:25:11.672,205.55
09:25:12.035,205.54
09:25:12.075,205.53
09:25:12.088,205.52
09:25:12.199,205.53
09:25:12.602,205.52
09:25:12.602,205.53
09:25:12.635,205.54
09:25:13.217,205.55
09:25:13.396,205.54
09:25:13.975,205.55
09:25:13.984,205.56
09:25:14.094,205.55
09:25:14.276,205.56
09:25:16.513,205.57
09:25:16.661,205.56
09:25:20.795,205.57
09:25:22.002,205.58
09:25:22.009,205.57
09:25:22.011,205.58
09:25:22.089,205.57
09:25:28.502,205.56
09:25:32.863,205.57
09:25:33.746,205.58
09:25:33.759,205.57
09:25:33.810,205.58
09:25:34.064,205.59
09:25:34.068,205.58
09:25:34.412,205.57
09:25:34.719,205.58
09:25:34.782,205.57
09:25:34.924,205.58
09:25:35.138,205.57
09:25:35.443,205.58
09:25:36.119,205.59
09:25:36.222,205.6
09:25:36.240,205.61
09:25:36.314,205.62
09:25:36.446,205.61
09:25:36.631,205.6
09:25:37.637,205.59
09:25:38.286,205.6
09:25:38.305,205.61
09:25:39.074,205.6
09:25:39.074,205.61
09:25:39.110,205.62
09:25:39.407,205.61
09:25:39.997,205.62
09:25:40.728,205.61
09:25:40.732,205.6
09:25:41.117,205.59
09:25:41.357,205.6
09:25:43.038,205.61
09:25:43.052,205.6
09:25:44.454,205.59
09:25:44.977,205.6
09:25:44.995,205.61
09:25:45.039,205.6
09:25:45.071,205.61
09:25:45.123,205.6
09:25:45.627,205.59
09:25:46.448,205.6
09:25:46.569,205.59
09:25:48.095,205.6
09:25:48.145,205.59
09:25:48.814,205.6
09:25:48.877,205.61
09:25:49.071,205.62
09:25:49.290,205.61
09:25:49.645,205.62
09:25:52.750,205.63
09:25:53.310,205.62
09:25:53.310,205.63
09:25:53.747,205.62
09:25:54.154,205.63
09:25:54.156,205.62
09:25:54.161,205.63
09:26:01.381,205.64
09:26:01.408,205.63
09:26:01.410,205.64
09:26:01.411,205.63
09:26:02.507,205.62
09:26:02.549,205.63
09:26:03.532,205.64
09:26:05.985,205.65
09:26:06.155,205.64
09:26:06.155,205.65
09:26:06.155,205.64
09:26:06.156,205.65
09:26:06.156,205.64
09:26:06.158,205.63
09:26:06.158,205.64
09:26:06.189,205.63
09:26:06.189,205.64
09:26:06.190,205.63
09:26:06.193,205.64
09:26:06.227,205.63
09:26:06.388,205.64
09:26:06.389,205.63
09:26:06.499,205.64
09:26:10.376,205.65
09:26:10.937,205.66
09:26:11.105,205.67
09:26:11.160,205.68
09:26:11.668,205.69
09:26:12.088,205.7
09:26:12.116,205.71
09:26:12.168,205.72
09:26:14.047,205.73
09:26:14.762,205.72
09:26:14.862,205.71
09:26:14.934,205.72
09:26:15.056,205.71
09:26:15.183,205.72
09:26:15.238,205.71
09:26:15.258,205.7
09:26:16.734,205.69
09:26:16.889,205.68
09:26:17.286,205.67
09:26:17.313,205.68
09:26:17.464,205.67
09:26:17.725,205.68
09:26:17.862,205.67
09:26:17.999,205.68
09:26:18.010,205.67
09:26:18.010,205.68
09:26:18.010,205.67
09:26:18.056,205.68
09:26:18.233,205.69
09:26:19.275,205.68
09:26:19.276,205.69
09:26:19.276,205.68
09:26:19.278,205.69
09:26:20.898,205.7
09:26:20.911,205.71
09:26:21.173,205.7
09:26:21.173,205.71
09:26:21.174,205.7
09:26:21.175,205.71
09:26:21.181,205.7
09:26:21.182,205.71
09:26:21.190,205.7
09:26:21.223,205.71
09:26:21.246,205.7
09:26:21.653,205.69
09:26:21.859,205.68
09:26:21.861,205.69
09:26:22.412,205.7
09:26:22.634,205.69
09:26:22.950,205.7
09:26:23.573,205.71
09:26:24.395,205.72
09:26:25.219,205.71
09:26:25.300,205.7
09:26:25.399,205.71
09:26:26.697,205.7
09:26:26.734,205.71
09:26:26.804,205.7
09:26:26.806,205.71
09:26:26.946,205.72
09:26:27.096,205.71
09:26:27.507,205.72
09:26:27.933,205.71
09:26:28.423,205.72
09:26:28.906,205.73
09:26:28.939,205.74
09:26:32.911,205.75
09:26:32.913,205.76
09:26:32.979,205.75
09:26:32.979,205.76
09:26:34.105,205.77
09:26:34.125,205.76
09:26:34.218,205.75
09:26:34.224,205.74
09:26:34.563,205.75
09:26:34.751,205.74
09:26:35.940,205.75
09:26:36.854,205.74
09:26:36.994,205.75
09:26:37.147,205.74
09:26:37.152,205.75
09:26:37.164,205.74
09:26:37.170,205.75
09:26:37.200,205.74
09:26:37.257,205.75
09:26:38.230,205.74
09:26:38.351,205.75
09:26:38.396,205.74
09:26:39.290,205.75
09:26:39.503,205.74
09:26:39.661,205.75
09:26:39.664,205.74
09:26:39.739,205.75
09:26:39.740,205.74
09:26:39.833,205.75
09:26:39.952,205.74
09:26:39.953,205.75
09:26:39.995,205.74
09:26:40.365,205.73
09:26:41.361,205.74
09:26:41.463,205.75
09:26:41.476,205.74
09:26:41.530,205.75
09:26:42.061,205.76
09:26:42.081,205.75
09:26:42.085,205.76
09:26:42.807,205.75
09:26:43.302,205.74
09:26:43.493,205.75
09:26:43.997,205.74
09:26:44.105,205.75
09:26:44.145,205.74
09:26:44.414,205.75
09:26:46.043,205.74
09:26:46.502,205.75
09:26:46.615,205.74
09:26:46.933,205.75
09:26:47.135,205.74
09:26:47.272,205.73
09:26:47.280,205.72
09:26:47.330,205.73
09:26:47.765,205.72
09:26:49.751,205.73
09:26:50.143,205.72
09:26:50.174,205.73
09:26:50.379,205.72
09:26:50.517,205.73
09:26:50.943,205.74
09:26:51.246,205.73
09:26:52.797,205.72
09:26:53.899,205.73
09:26:54.230,205.72
09:26:54.230,205.73
09:26:54.231,205.72
09:26:54.233,205.71
09:26:54.260,205.72
09:26:54.624,205.71
09:26:54.636,205.72
09:26:59.723,205.71
09:26:59.844,205.72
09:27:01.035,205.71
09:27:01.732,205.72
09:27:02.216,205.73
09:27:02.507,205.72
09:27:02.508,205.73
09:27:02.508,205.72
09:27:02.509,205.73
09:27:02.555,205.72
09:27:02.603,205.73
09:27:06.364,205.74
09:27:09.240,205.73
09:27:09.407,205.74
09:27:09.655,205.73
09:27:09.900,205.74
09:27:10.019,205.73
09:27:10.020,205.74
09:27:10.025,205.73
09:27:10.147,205.74
09:27:10.302,205.75
09:27:10.731,205.76
09:27:10.744,205.77
09:27:10.806,205.76
09:27:10.955,205.75
09:27:10.956,205.76
09:27:11.453,205.77
09:27:13.988,205.76
09:27:14.016,205.75
09:27:14.602,205.74
09:27:14.604,205.73
09:27:14.656,205.74
09:27:15.692,205.75
09:27:15.944,205.74
09:27:16.339,205.75
09:27:17.465,205.76
09:27:17.951,205.77
09:27:19.059,205.76
09:27:21.083,205.77
09:27:22.647,205.78
09:27:22.710,205.77
09:27:23.788,205.76
09:27:24.037,205.77
09:27:24.723,205.78
09:27:25.194,205.79
09:27:25.500,205.78
09:27:25.762,205.79
09:27:26.398,205.8
09:27:26.635,205.79
09:27:26.727,205.8
09:27:27.460,205.81
09:27:27.899,205.82
09:27:27.901,205.83
09:27:27.939,205.82
09:27:27.945,205.83
09:27:27.951,205.82
09:27:27.952,205.83
09:27:27.985,205.82
09:27:28.629,205.83
09:27:28.796,205.84
09:27:28.798,205.83
09:27:28.800,205.82
09:27:28.805,205.83
09:27:28.805,205.82
09:27:28.880,205.81
09:27:28.881,205.82
09:27:28.898,205.81
09:27:29.164,205.82
09:27:29.696,205.83
09:27:30.890,205.84
09:27:30.898,205.83
09:27:30.901,205.84
09:27:30.909,205.83
09:27:30.938,205.84
09:27:31.574,205.83
09:27:31.601,205.84
09:27:31.819,205.83
09:27:32.400,205.84
09:27:32.483,205.85
09:27:32.489,205.86
09:27:32.724,205.85
09:27:32.750,205.86
09:27:33.024,205.87
09:27:33.027,205.88
09:27:33.032,205.87
09:27:34.061,205.88
09:27:34.124,205.87
09:27:34.507,205.88
09:27:34.508,205.87
09:27:34.508,205.88
09:27:34.509,205.87
09:27:34.538,205.88
09:27:34.554,205.87
09:27:34.556,205.88
09:27:34.559,205.87
09:27:35.040,205.86
09:27:35.323,205.85
09:27:35.851,205.84
09:27:36.142,205.85
09:27:36.952,205.84
09:27:37.345,205.85
09:27:37.425,205.84
09:27:38.602,205.83
09:27:38.799,205.84
09:27:38.835,205.83
09:27:38.997,205.84
09:27:39.084,205.83
09:27:39.404,205.84
09:27:39.802,205.83
09:27:39.867,205.84
09:27:39.943,205.83
09:27:39.947,205.82
09:27:39.987,205.83
09:27:39.987,205.82
09:27:39.987,205.83
09:27:40.072,205.82
09:27:40.074,205.83
09:27:40.099,205.82
09:27:40.189,205.83
09:27:40.339,205.82
09:27:40.521,205.83
09:27:40.583,205.82
09:27:40.622,205.83
09:27:41.578,205.82
09:27:42.022,205.81
09:27:42.066,205.82
09:27:42.129,205.81
09:27:43.599,205.8
09:27:43.659,205.81
09:27:44.063,205.82
09:27:44.127,205.81
09:27:44.367,205.82
09:27:44.965,205.83
09:27:45.061,205.82
09:27:45.729,205.83
09:27:45.734,205.82
09:27:45.881,205.83
09:27:45.985,205.84
09:27:46.679,205.83
09:27:46.680,205.84
09:27:46.691,205.83
09:27:48.324,205.84
09:27:48.788,205.83
09:27:48.944,205.82
09:27:49.002,205.83
09:27:49.075,205.82
09:27:49.714,205.83
09:27:49.857,205.82
09:27:49.867,205.83
09:27:49.878,205.82
09:27:49.907,205.83
09:27:50.965,205.84
09:27:51.286,205.83
09:27:51.808,205.84
09:27:52.227,205.83
09:27:52.381,205.84
09:27:52.468,205.83
09:27:52.523,205.84
09:27:52.533,205.83
09:27:53.041,205.82
09:27:53.260,205.83
09:27:53.286,205.82
09:27:53.353,205.83
09:27:54.103,205.82
09:27:56.013,205.81
09:27:56.013,205.82
09:27:56.014,205.81
09:27:56.898,205.82
09:27:58.866,205.81
09:27:59.726,205.82
09:28:00.267,205.81
09:28:04.777,205.8
09:28:05.018,205.79
09:28:05.611,205.8
09:28:07.315,205.81
09:28:09.412,205.82
09:28:10.721,205.81
09:28:10.867,205.8
09:28:10.867,205.81
09:28:10.892,205.8
09:28:11.682,205.79
09:28:13.925,205.8
09:28:13.970,205.81
09:28:14.052,205.8
09:28:14.057,205.81
09:28:14.416,205.8
09:28:14.493,205.81
09:28:14.528,205.8
09:28:14.528,205.81
09:28:15.072,205.8
09:28:15.072,205.81
09:28:15.434,205.8
09:28:15.652,205.81
09:28:18.119,205.8
09:28:18.190,205.81
09:28:18.262,205.8
09:28:18.639,205.81
09:28:19.059,205.8
09:28:19.061,205.79
09:28:20.446,205.78
09:28:20.640,205.79
09:28:20.784,205.78
09:28:20.888,205.79
09:28:21.084,205.8
09:28:21.103,205.79
09:28:21.787,205.78
09:28:22.491,205.79
09:28:22.621,205.78
09:28:24.424,205.79
09:28:24.434,205.78
09:28:24.649,205.79
09:28:24.654,205.8
09:28:24.747,205.79
09:28:24.771,205.78
09:28:24.772,205.79
09:28:24.850,205.78
09:28:24.993,205.79
09:28:25.529,205.78
09:28:26.302,205.77
09:28:26.609,205.78
09:28:26.997,205.79
09:28:27.041,205.78
09:28:27.362,205.79
09:28:29.267,205.8
09:28:29.324,205.79
09:28:29.405,205.8
09:28:29.582,205.81
09:28:30.071,205.8
09:28:30.117,205.81
09:28:33.195,205.82
09:28:33.333,205.81
09:28:33.897,205.8
09:28:34.763,205.81
09:28:35.023,205.8
09:28:35.076,205.81
09:28:35.167,205.8
09:28:38.372,205.81
09:28:38.397,205.82
09:28:38.430,205.81
09:28:42.873,205.8
09:28:44.075,205.81
09:28:44.690,205.8
09:28:47.423,205.79
09:28:51.536,205.78
09:28:51.872,205.77
09:28:53.565,205.76
09:28:53.592,205.77
09:28:55.993,205.76
09:28:57.382,205.77
09:28:59.842,205.78
09:29:00.144,205.79
09:29:00.361,205.78
09:29:00.383,205.79
09:29:00.383,205.78
09:29:00.383,205.79
09:29:00.800,205.78
09:29:01.808,205.79
09:29:03.453,205.78
09:29:07.468,205.77
09:29:11.021,205.76
09:29:14.691,205.77
09:29:15.001,205.78
09:29:16.783,205.77
09:29:18.842,205.76
09:29:22.637,205.75
09:29:22.664,205.76
09:29:22.668,205.75
09:29:22.675,205.76
09:29:22.729,205.75
09:29:22.737,205.76
09:29:22.786,205.75
09:29:22.787,205.76
09:29:22.830,205.75
09:29:22.831,205.76
09:29:22.838,205.75
09:29:22.839,205.76
09:29:22.840,205.75
09:29:22.844,205.76
09:29:22.873,205.75
09:29:22.875,205.76
09:29:23.286,205.75
09:29:23.459,205.76
09:29:23.531,205.75
09:29:23.533,205.76
09:29:23.543,205.75
09:29:23.962,205.76
09:29:25.127,205.75
09:29:26.216,205.76
09:29:26.669,205.77
09:29:26.685,205.76
09:29:26.742,205.77
09:29:27.052,205.76
09:29:30.353,205.77
09:29:30.487,205.78
09:29:30.550,205.77
09:29:30.550,205.78
09:29:30.702,205.77
09:29:33.028,205.78
09:29:35.229,205.77
09:29:35.229,205.78
09:29:35.229,205.77
09:29:36.304,205.78
09:29:36.574,205.79
09:29:37.388,205.78
09:29:37.391,205.77
09:29:38.998,205.78
09:29:39.214,205.77
09:29:40.729,205.78
09:29:40.914,205.79
09:29:41.172,205.78
09:29:41.220,205.79
09:29:45.560,205.8
09:29:45.644,205.79
09:29:47.830,205.8
09:29:47.898,205.79
09:29:48.039,205.78
09:29:48.090,205.79
09:29:49.307,205.78
09:29:49.645,205.79
09:29:50.269,205.8
09:29:50.294,205.81
09:29:50.999,205.82
09:29:52.005,205.81
09:29:52.026,205.82
09:29:52.086,205.81
09:29:52.454,205.8
09:29:52.487,205.81
09:29:53.361,205.82
09:29:53.734,205.81
09:29:53.734,205.82
09:29:53.734,205.81
09:29:53.738,205.8
09:29:53.839,205.79
09:29:54.459,205.8
09:29:54.962,205.79
09:29:59.076,205.8
09:29:59.650,205.79
